AREA_NM,AREA_CONGEST_LVL,AREA_CONGEST_MSG,AREA_PPLTN_MIN,AREA_PPLTN_MAX,MALE_PPLTN_RATE,FEMALE_PPLTN_RATE,PPLTN_RATE_0,PPLTN_RATE_10,PPLTN_RATE_20,PPLTN_RATE_30,PPLTN_RATE_40,PPLTN_RATE_50,PPLTN_RATE_60,PPLTN_RATE_70,RESNT_PPLTN_RATE,NON_RESNT_PPLTN_RATE,REPLACE_YN,PPLTN_TIME,ROAD_MSG,ROAD_TRAFFIC_IDX,ROAD_TRFFIC_TIME,ROAD_TRAFFIC_SPD,ACDNT_CNTRL_CNT,WEATHER_TIME,TEMP,SENSIBLE_TEMP,MAX_TEMP,MIN_TEMP,HUMIDITY,WIND_DIRCT,WIND_SPD,PRECIPITATION,PRECPT_TYPE,PCP_MSG,SUNRISE,SUNSET,UV_INDEX_LVL,UV_INDEX,UV_MSG,PM25_INDEX,PM25,PM10_INDEX,PM10,AIR_IDX,AIR_IDX_MVL,AIR_IDX_MAIN,AIR_MSG,NEWS_LIST
경복궁·서촌마을,여유,사람이 몰려있을 가능성이 낮고 붐빔은 거의 느껴지지 않아요. 도보 이동이 자유로워요.,6000,6500,47.9,52.1,0.3,7.5,18.2,21.0,18.8,16.7,9.4,8.1,43.3,56.7,N,2023-02-21 21:50,해당 장소로 이동·진입시 시간이 다소 소요될 수 있어요.,서행,2023-02-21 22:20,21,0,2023-02-21 22:01,-1.9,-0.2,4,-6,46,SE,1,-,없음,비 또는 눈 소식이 없어요.,07:16,18:16,3,보통,2-3시간 햇볕에 노출 시 피부 화상을 입을 수 있어요.외출시 모자나 선글라스를 착용해주세요.자외선 차단제를 발라주세요.,보통,22,보통,37,보통,59.0,PM-2.5,호흡기가 예민하신 분들은 몸상태 유의하며 활동해주세요.,
광화문·덕수궁,여유,사람이 몰려있을 가능성이 낮고 붐빔은 거의 느껴지지 않아요. 도보 이동이 자유로워요.,10000,12000,56.0,44.0,0.1,3.0,21.5,25.2,22.6,16.5,7.7,3.5,10.7,89.3,N,2023-02-21 21:50,해당 장소로 이동·진입시 시간이 다소 소요될 수 있어요.,서행,2023-02-21 22:20,17,0,2023-02-21 22:01,-1.9,-0.2,4,-6,46,SE,1,-,없음,비 또는 눈 소식이 없어요.,07:16,18:16,3,보통,2-3시간 햇볕에 노출 시 피부 화상을 입을 수 있어요.외출시 모자나 선글라스를 착용해주세요.자외선 차단제를 발라주세요.,보통,22,보통,37,보통,59.0,PM-2.5,호흡기가 예민하신 분들은 몸상태 유의하며 활동해주세요.,
창덕궁·종묘,여유,사람이 몰려있을 가능성이 낮고 붐빔은 거의 느껴지지 않아요. 도보 이동이 자유로워요.,5500,6000,52.9,47.1,0.1,4.9,29.3,21.5,16.0,15.4,7.9,4.9,24.0,76.0,N,2023-02-21 21:50,해당 장소로 이동·진입시 시간이 다소 소요될 수 있어요.,서행,2023-02-21 22:20,17,8,2023-02-21 22:01,-1.9,-0.2,4,-6,46,SE,1,-,없음,비 또는 눈 소식이 없어요.,07:16,18:16,3,보통,2-3시간 햇볕에 노출 시 피부 화상을 입을 수 있어요.외출시 모자나 선글라스를 착용해주세요.자외선 차단제를 발라주세요.,보통,22,보통,37,보통,59.0,PM-2.5,호흡기가 예민하신 분들은 몸상태 유의하며 활동해주세요.,
강남 MICE 관광특구,여유,사람이 몰려있을 가능성이 낮고 붐빔은 거의 느껴지지 않아요. 도보 이동이 자유로워요.,5000,5500,50.1,49.9,0.1,8.7,34.1,24.4,17.4,9.4,4.9,1.1,3.0,97.0,N,2023-02-21 21:50,해당 장소로 이동·진입시 시간이 오래 걸릴 수 있어요.,정체,2023-02-21 22:20,13,0,2023-02-21 22:01,-0.9,0.2,4,-5,43,ESE,1.4,-,없음,비 또는 눈 소식이 없어요.,07:16,18:16,3,보통,2-3시간 햇볕에 노출 시 피부 화상을 입을 수 있어요.외출시 모자나 선글라스를 착용해주세요.자외선 차단제를 발라주세요.,보통,17,보통,34,보통,53.0,PM-10,호흡기가 예민하신 분들은 몸상태 유의하며 활동해주세요.,
동대문 관광특구,약간 붐빔,사람들이 몰려있을 가능성이 크고 붐빈다고 느낄 수 있어요. 인구밀도가 높은 구간에서는 도보 이동시 부딪힘이 발생할 수 있어요.,20000,22000,46.5,53.5,0.1,3.5,23.0,25.4,19.5,15.4,9.8,3.2,19.1,80.9,N,2023-02-21 21:50,해당 장소로 이동·진입시 시간이 다소 소요될 수 있어요.,서행,2023-02-21 22:20,17,0,2023-02-21 22:01,-1.9,-0.2,4,-6,46,SE,1,-,없음,비 또는 눈 소식이 없어요.,07:16,18:16,3,보통,2-3시간 햇볕에 노출 시 피부 화상을 입을 수 있어요.외출시 모자나 선글라스를 착용해주세요.자외선 차단제를 발라주세요.,보통,22,보통,37,보통,59.0,PM-2.5,호흡기가 예민하신 분들은 몸상태 유의하며 활동해주세요.,
명동 관광특구,여유,사람이 몰려있을 가능성이 낮고 붐빔은 거의 느껴지지 않아요. 도보 이동이 자유로워요.,18000,20000,57.1,42.9,0.0,4.9,28.1,24.2,22.1,13.7,5.2,1.7,5.8,94.2,N,2023-02-21 21:50,해당 장소로 이동·진입시 시간이 다소 소요될 수 있어요.,서행,2023-02-21 22:20,16,8,2023-02-21 22:01,-1.9,-0.2,4,-6,46,SE,1,-,없음,비 또는 눈 소식이 없어요.,07:16,18:16,3,보통,2-3시간 햇볕에 노출 시 피부 화상을 입을 수 있어요.외출시 모자나 선글라스를 착용해주세요.자외선 차단제를 발라주세요.,점검중,0,점검중,0,점검중,점검중,,원본 시스템 서비스 점검중입니다.,
이태원 관광특구,여유,사람이 몰려있을 가능성이 낮고 붐빔은 거의 느껴지지 않아요. 도보 이동이 자유로워요.,6500,7000,49.2,50.8,0.2,4.2,34.1,27.8,14.8,10.4,5.0,3.6,20.1,79.9,N,2023-02-21 21:50,해당 장소로 이동·진입시 시간이 다소 소요될 수 있어요.,서행,2023-02-21 22:20,20,0,2023-02-21 22:01,-0.2,0.7,3,-6,41,ESE,1.6,-,없음,비 또는 눈 소식이 없어요.,07:16,18:16,3,보통,2-3시간 햇볕에 노출 시 피부 화상을 입을 수 있어요.외출시 모자나 선글라스를 착용해주세요.자외선 차단제를 발라주세요.,보통,20,보통,37,보통,52.0,PM-10,호흡기가 예민하신 분들은 몸상태 유의하며 활동해주세요.,
잠실 관광특구,여유,사람이 몰려있을 가능성이 낮고 붐빔은 거의 느껴지지 않아요. 도보 이동이 자유로워요.,30000,32000,49.9,50.1,0.4,8.4,30.2,23.1,16.1,11.2,6.9,3.7,18.2,81.8,N,2023-02-21 21:50,해당 장소로 이동·진입시 시간이 다소 소요될 수 있어요.,서행,2023-02-21 22:20,22,0,2023-02-21 22:01,0,2.4,4,-5,35,SE,0.7,-,없음,비 또는 눈 소식이 없어요.,07:16,18:16,3,보통,2-3시간 햇볕에 노출 시 피부 화상을 입을 수 있어요.외출시 모자나 선글라스를 착용해주세요.자외선 차단제를 발라주세요.,보통,16,보통,36,보통,59.0,NO2,호흡기가 예민하신 분들은 몸상태 유의하며 활동해주세요.,
종로·청계 관광특구,여유,사람이 몰려있을 가능성이 낮고 붐빔은 거의 느껴지지 않아요. 도보 이동이 자유로워요.,14000,16000,54.9,45.1,0.1,4.7,29.2,20.7,16.8,16.2,8.9,3.4,11.3,88.7,N,2023-02-21 21:50,해당 장소로 이동·진입시 시간이 다소 소요될 수 있어요.,서행,2023-02-21 22:20,16,0,2023-02-21 22:01,-1.9,-0.2,4,-6,46,SE,1,-,없음,비 또는 눈 소식이 없어요.,07:16,18:16,3,보통,2-3시간 햇볕에 노출 시 피부 화상을 입을 수 있어요.외출시 모자나 선글라스를 착용해주세요.자외선 차단제를 발라주세요.,보통,22,보통,37,보통,59.0,PM-2.5,호흡기가 예민하신 분들은 몸상태 유의하며 활동해주세요.,
홍대 관광특구,여유,사람이 몰려있을 가능성이 낮고 붐빔은 거의 느껴지지 않아요. 도보 이동이 자유로워요.,52000,54000,45.7,54.3,0.1,11.6,45.5,19.1,11.0,7.0,3.5,2.2,13.7,86.3,N,2023-02-21 21:50,해당 장소로 이동·진입시 시간이 다소 소요될 수 있어요.,서행,2023-02-21 22:20,16,0,2023-02-21 22:01,-0.5,1.1,3,-6,44,SE,1.1,-,없음,비 또는 눈 소식이 없어요.,07:16,18:16,3,보통,2-3시간 햇볕에 노출 시 피부 화상을 입을 수 있어요.외출시 모자나 선글라스를 착용해주세요.자외선 차단제를 발라주세요.,좋음,11,좋음,23,보통,53.0,NO2,호흡기가 예민하신 분들은 몸상태 유의하며 활동해주세요.,
국립중앙박물관·용산가족공원,여유,사람이 몰려있을 가능성이 낮고 붐빔은 거의 느껴지지 않아요. 도보 이동이 자유로워요.,500,600,51.0,49.0,0.1,5.3,15.1,24.5,20.2,18.0,11.2,5.6,23.8,76.2,N,2023-02-21 21:50,해당 장소로 이동·진입하는 도로가 크게 막히지 않아요.,원활,2023-02-21 22:20,25,0,2023-02-21 22:01,-0.2,0.7,3,-6,41,ESE,1.6,-,없음,비 또는 눈 소식이 없어요.,07:16,18:16,3,보통,2-3시간 햇볕에 노출 시 피부 화상을 입을 수 있어요.외출시 모자나 선글라스를 착용해주세요.자외선 차단제를 발라주세요.,보통,20,보통,37,보통,52.0,PM-10,호흡기가 예민하신 분들은 몸상태 유의하며 활동해주세요.,
남산공원,여유,사람이 몰려있을 가능성이 낮고 붐빔은 거의 느껴지지 않아요. 도보 이동이 자유로워요.,8500,9000,50.8,49.2,0.2,5.5,21.6,21.9,20.4,17.1,8.4,4.8,28.2,71.8,N,2023-02-21 21:50,해당 장소로 이동·진입하는 도로가 크게 막히지 않아요.,원활,2023-02-21 22:20,26,0,2023-02-21 22:01,-1.9,-0.2,4,-6,46,SE,1,-,없음,비 또는 눈 소식이 없어요.,07:16,18:16,3,보통,2-3시간 햇볕에 노출 시 피부 화상을 입을 수 있어요.외출시 모자나 선글라스를 착용해주세요.자외선 차단제를 발라주세요.,점검중,0,점검중,0,점검중,점검중,,원본 시스템 서비스 점검중입니다.,
뚝섬한강공원,여유,사람이 몰려있을 가능성이 낮고 붐빔은 거의 느껴지지 않아요. 도보 이동이 자유로워요.,2000,2500,50.9,49.1,0.6,6.3,16.3,22.8,18.6,15.7,11.9,7.6,33.1,66.9,N,2023-02-21 21:50,해당 장소로 이동·진입하는 도로가 크게 막히지 않아요.,원활,2023-02-21 22:20,34,0,2023-02-21 22:01,-0.2,0.7,4,-5,41,ESE,1.6,-,없음,비 또는 눈 소식이 없어요.,07:16,18:16,3,보통,2-3시간 햇볕에 노출 시 피부 화상을 입을 수 있어요.외출시 모자나 선글라스를 착용해주세요.자외선 차단제를 발라주세요.,보통,18,보통,33,좋음,50.0,PM-2.5,대기질에 이상이 없어요.,
망원한강공원,여유,사람이 몰려있을 가능성이 낮고 붐빔은 거의 느껴지지 않아요. 도보 이동이 자유로워요.,1000,1500,52.3,47.7,0.4,5.3,16.8,23.2,20.8,15.9,10.9,6.8,37.9,62.1,N,2023-02-21 21:50,해당 장소로 이동·진입하는 도로가 크게 막히지 않아요.,원활,2023-02-21 22:20,32,0,2023-02-21 22:01,-0.5,1.1,3,-6,44,SE,1.1,-,없음,비 또는 눈 소식이 없어요.,07:16,18:16,3,보통,2-3시간 햇볕에 노출 시 피부 화상을 입을 수 있어요.외출시 모자나 선글라스를 착용해주세요.자외선 차단제를 발라주세요.,좋음,11,좋음,23,보통,53.0,NO2,호흡기가 예민하신 분들은 몸상태 유의하며 활동해주세요.,
반포한강공원,여유,사람이 몰려있을 가능성이 낮고 붐빔은 거의 느껴지지 않아요. 도보 이동이 자유로워요.,2000,2500,56.6,43.4,0.2,7.1,17.9,24.6,23.6,17.9,6.2,2.5,5.4,94.6,N,2023-02-21 21:50,해당 장소로 이동·진입하는 도로가 크게 막히지 않아요.,원활,2023-02-21 22:25,31,0,2023-02-21 22:01,-3.2,-0.8,3,-6,63,ESE,0.7,-,없음,비 또는 눈 소식이 없어요.,07:16,18:16,3,보통,2-3시간 햇볕에 노출 시 피부 화상을 입을 수 있어요.외출시 모자나 선글라스를 착용해주세요.자외선 차단제를 발라주세요.,좋음,15,좋음,29,보통,51.0,PM-10,호흡기가 예민하신 분들은 몸상태 유의하며 활동해주세요.,
북서울꿈의숲,여유,사람이 몰려있을 가능성이 낮고 붐빔은 거의 느껴지지 않아요. 도보 이동이 자유로워요.,3500,4000,47.8,52.2,0.5,6.2,12.2,18.1,17.8,19.6,14.9,10.7,63.4,36.6,N,2023-02-21 21:50,해당 장소로 이동·진입시 시간이 다소 소요될 수 있어요.,서행,2023-02-21 22:25,18,0,2023-02-21 22:01,-2.8,2.7,5,-6,49,ESE,0.1,-,없음,비 또는 눈 소식이 없어요.,07:16,18:16,3,보통,2-3시간 햇볕에 노출 시 피부 화상을 입을 수 있어요.외출시 모자나 선글라스를 착용해주세요.자외선 차단제를 발라주세요.,보통,17,보통,34,보통,59.0,PM-10,호흡기가 예민하신 분들은 몸상태 유의하며 활동해주세요.,
서울대공원,여유,사람이 몰려있을 가능성이 낮고 붐빔은 거의 느껴지지 않아요. 도보 이동이 자유로워요.,800,900,42.6,57.4,0.7,6.1,13.2,19.3,19.3,22.4,13.4,5.6,44.0,56.0,N,2023-02-21 21:50,해당 장소로 이동·진입하는 도로가 크게 막히지 않아요.,원활,2023-02-21 22:25,31,0,2023-02-21 22:01,-0.9,0.2,4,-5,43,ESE,1.4,-,없음,비 또는 눈 소식이 없어요.,07:16,18:16,3,보통,2-3시간 햇볕에 노출 시 피부 화상을 입을 수 있어요.외출시 모자나 선글라스를 착용해주세요.자외선 차단제를 발라주세요.,좋음,15,좋음,29,보통,51.0,PM-10,호흡기가 예민하신 분들은 몸상태 유의하며 활동해주세요.,
서울숲공원,여유,사람이 몰려있을 가능성이 낮고 붐빔은 거의 느껴지지 않아요. 도보 이동이 자유로워요.,7000,7500,53.6,46.4,0.5,4.2,22.0,22.6,19.1,16.6,10.8,4.1,16.1,83.9,N,2023-02-21 21:50,해당 장소로 이동·진입하는 도로가 크게 막히지 않아요.,원활,2023-02-21 22:25,34,0,2023-02-21 22:01,-0.2,0.7,4,-5,41,ESE,1.6,-,없음,비 또는 눈 소식이 없어요.,07:16,18:16,3,보통,2-3시간 햇볕에 노출 시 피부 화상을 입을 수 있어요.외출시 모자나 선글라스를 착용해주세요.자외선 차단제를 발라주세요.,좋음,15,보통,35,보통,53.0,PM-10,호흡기가 예민하신 분들은 몸상태 유의하며 활동해주세요.,
월드컵공원,여유,사람이 몰려있을 가능성이 낮고 붐빔은 거의 느껴지지 않아요. 도보 이동이 자유로워요.,3000,3500,53.1,46.9,0.4,5.2,12.8,16.1,26.5,20.6,10.2,8.3,14.3,85.7,N,2023-02-21 21:50,해당 장소로 이동·진입하는 도로가 크게 막히지 않아요.,원활,2023-02-21 22:25,29,0,2023-02-21 22:01,-2.1,0.9,3,-6,44,ESE,0.5,-,없음,비 또는 눈 소식이 없어요.,07:16,18:16,3,보통,2-3시간 햇볕에 노출 시 피부 화상을 입을 수 있어요.외출시 모자나 선글라스를 착용해주세요.자외선 차단제를 발라주세요.,좋음,11,좋음,23,보통,53.0,NO2,호흡기가 예민하신 분들은 몸상태 유의하며 활동해주세요.,
이촌한강공원,여유,사람이 몰려있을 가능성이 낮고 붐빔은 거의 느껴지지 않아요. 도보 이동이 자유로워요.,2500,3000,53.3,46.7,0.9,5.6,15.8,20.8,21.8,17.2,11.5,6.5,21.4,78.6,N,2023-02-21 21:50,해당 장소로 이동·진입하는 도로가 크게 막히지 않아요.,원활,2023-02-21 22:25,26,0,2023-02-21 22:01,-0.5,1.1,3,-6,44,SE,1.1,-,없음,비 또는 눈 소식이 없어요.,07:16,18:16,3,보통,2-3시간 햇볕에 노출 시 피부 화상을 입을 수 있어요.외출시 모자나 선글라스를 착용해주세요.자외선 차단제를 발라주세요.,보통,20,보통,37,보통,52.0,PM-10,호흡기가 예민하신 분들은 몸상태 유의하며 활동해주세요.,
잠실종합운동장,여유,사람이 몰려있을 가능성이 낮고 붐빔은 거의 느껴지지 않아요. 도보 이동이 자유로워요.,1000,1500,60.0,40.0,0.3,5.3,10.1,19.4,27.4,25.3,8.7,3.5,10.5,89.5,N,2023-02-21 21:50,해당 장소로 이동·진입하는 도로가 크게 막히지 않아요.,원활,2023-02-21 22:25,26,0,2023-02-21 22:01,-1.1,1.9,4,-5,46,SE,0.5,-,없음,비 또는 눈 소식이 없어요.,07:16,18:16,3,보통,2-3시간 햇볕에 노출 시 피부 화상을 입을 수 있어요.외출시 모자나 선글라스를 착용해주세요.자외선 차단제를 발라주세요.,보통,16,보통,36,보통,59.0,NO2,호흡기가 예민하신 분들은 몸상태 유의하며 활동해주세요.,
잠실한강공원,여유,사람이 몰려있을 가능성이 낮고 붐빔은 거의 느껴지지 않아요. 도보 이동이 자유로워요.,2500,3000,53.3,46.7,0.8,9.6,13.7,16.3,25.4,18.1,10.2,5.8,17.8,82.2,N,2023-02-21 21:50,해당 장소로 이동·진입하는 도로가 크게 막히지 않아요.,원활,2023-02-21 22:25,41,0,2023-02-21 22:01,0,2.4,4,-5,35,SE,0.7,-,없음,비 또는 눈 소식이 없어요.,07:16,18:16,3,보통,2-3시간 햇볕에 노출 시 피부 화상을 입을 수 있어요.외출시 모자나 선글라스를 착용해주세요.자외선 차단제를 발라주세요.,보통,16,보통,36,보통,59.0,NO2,호흡기가 예민하신 분들은 몸상태 유의하며 활동해주세요.,
가로수길,여유,사람이 몰려있을 가능성이 낮고 붐빔은 거의 느껴지지 않아요. 도보 이동이 자유로워요.,18000,20000,49.1,50.9,0.2,7.5,31.0,24.8,18.1,9.5,5.0,3.9,15.6,84.4,N,2023-02-21 21:50,해당 장소로 이동·진입시 시간이 다소 소요될 수 있어요.,서행,2023-02-21 22:25,21,0,2023-02-21 22:01,-0.2,0.7,4,-5,41,ESE,1.6,-,없음,비 또는 눈 소식이 없어요.,07:16,18:16,3,보통,2-3시간 햇볕에 노출 시 피부 화상을 입을 수 있어요.외출시 모자나 선글라스를 착용해주세요.자외선 차단제를 발라주세요.,보통,17,보통,34,보통,53.0,PM-10,호흡기가 예민하신 분들은 몸상태 유의하며 활동해주세요.,
낙산공원·이화마을,여유,사람이 몰려있을 가능성이 낮고 붐빔은 거의 느껴지지 않아요. 도보 이동이 자유로워요.,200,300,43.2,56.8,0.4,6.9,16.6,15.4,17.2,18.4,12.0,13.0,69.6,30.4,N,2023-02-21 21:50,해당 장소로 이동·진입시 시간이 다소 소요될 수 있어요.,서행,2023-02-21 22:25,19,0,2023-02-21 22:01,-1.9,-0.2,4,-6,46,SE,1,-,없음,비 또는 눈 소식이 없어요.,07:16,18:16,3,보통,2-3시간 햇볕에 노출 시 피부 화상을 입을 수 있어요.외출시 모자나 선글라스를 착용해주세요.자외선 차단제를 발라주세요.,보통,19,보통,37,보통,59.0,NO2,호흡기가 예민하신 분들은 몸상태 유의하며 활동해주세요.,
노량진,여유,사람이 몰려있을 가능성이 낮고 붐빔은 거의 느껴지지 않아요. 도보 이동이 자유로워요.,10000,12000,58.0,42.0,0.0,5.0,43.1,20.9,11.9,10.3,5.8,3.1,21.5,78.5,N,2023-02-21 21:50,해당 장소로 이동·진입하는 도로가 크게 막히지 않아요.,원활,2023-02-21 22:25,38,0,2023-02-21 22:01,-2.5,-0.4,3,-6,35,SE,0.8,-,없음,비 또는 눈 소식이 없어요.,07:16,18:16,3,보통,2-3시간 햇볕에 노출 시 피부 화상을 입을 수 있어요.외출시 모자나 선글라스를 착용해주세요.자외선 차단제를 발라주세요.,보통,20,보통,33,보통,56.0,PM-2.5,호흡기가 예민하신 분들은 몸상태 유의하며 활동해주세요.,
북촌한옥마을,여유,사람이 몰려있을 가능성이 낮고 붐빔은 거의 느껴지지 않아요. 도보 이동이 자유로워요.,500,600,47.2,52.8,0.4,8.4,13.3,15.1,21.1,19.7,11.0,11.0,60.5,39.5,N,2023-02-21 21:50,해당 장소로 이동·진입시 시간이 다소 소요될 수 있어요.,서행,2023-02-21 22:25,18,0,2023-02-21 22:01,-1.9,-0.2,4,-6,46,SE,1,-,없음,비 또는 눈 소식이 없어요.,07:16,18:16,3,보통,2-3시간 햇볕에 노출 시 피부 화상을 입을 수 있어요.외출시 모자나 선글라스를 착용해주세요.자외선 차단제를 발라주세요.,보통,22,보통,37,보통,59.0,PM-2.5,호흡기가 예민하신 분들은 몸상태 유의하며 활동해주세요.,
성수카페거리,여유,사람이 몰려있을 가능성이 낮고 붐빔은 거의 느껴지지 않아요. 도보 이동이 자유로워요.,6000,6500,50.2,49.8,0.0,5.4,40.2,25.6,12.9,9.0,4.6,2.2,10.7,89.3,N,2023-02-21 21:50,해당 장소로 이동·진입시 시간이 다소 소요될 수 있어요.,서행,2023-02-21 22:25,16,0,2023-02-21 22:01,-0.2,0.7,4,-5,41,ESE,1.6,-,없음,비 또는 눈 소식이 없어요.,07:16,18:16,3,보통,2-3시간 햇볕에 노출 시 피부 화상을 입을 수 있어요.외출시 모자나 선글라스를 착용해주세요.자외선 차단제를 발라주세요.,좋음,15,보통,35,보통,53.0,PM-10,호흡기가 예민하신 분들은 몸상태 유의하며 활동해주세요.,
수유리 먹자골목,여유,사람이 몰려있을 가능성이 낮고 붐빔은 거의 느껴지지 않아요. 도보 이동이 자유로워요.,10000,12000,49.9,50.1,0.1,7.9,30.3,17.1,13.9,14.2,10.2,6.2,34.0,66.0,N,2023-02-21 21:50,해당 장소로 이동·진입시 시간이 다소 소요될 수 있어요.,서행,2023-02-21 22:25,15,0,2023-02-21 22:01,-2.8,2.7,5,-6,49,ESE,0.1,-,없음,비 또는 눈 소식이 없어요.,07:16,18:16,3,보통,2-3시간 햇볕에 노출 시 피부 화상을 입을 수 있어요.외출시 모자나 선글라스를 착용해주세요.자외선 차단제를 발라주세요.,보통,17,보통,34,보통,59.0,PM-10,호흡기가 예민하신 분들은 몸상태 유의하며 활동해주세요.,
쌍문동 맛집거리,여유,사람이 몰려있을 가능성이 낮고 붐빔은 거의 느껴지지 않아요. 도보 이동이 자유로워요.,3000,3500,47.0,53.0,0.3,6.5,24.2,17.8,13.8,16.6,12.3,8.4,39.2,60.8,N,2023-02-21 21:50,해당 장소로 이동·진입시 시간이 다소 소요될 수 있어요.,서행,2023-02-21 22:25,19,0,2023-02-21 22:01,-2.8,2.7,5,-6,49,ESE,0.1,-,없음,비 또는 눈 소식이 없어요.,07:16,18:16,3,보통,2-3시간 햇볕에 노출 시 피부 화상을 입을 수 있어요.외출시 모자나 선글라스를 착용해주세요.자외선 차단제를 발라주세요.,보통,16,보통,32,보통,58.0,O3,호흡기가 예민하신 분들은 몸상태 유의하며 활동해주세요.,
압구정로데오거리,여유,사람이 몰려있을 가능성이 낮고 붐빔은 거의 느껴지지 않아요. 도보 이동이 자유로워요.,12000,14000,49.6,50.4,0.1,4.8,32.8,26.6,18.0,9.9,4.7,3.0,12.3,87.7,N,2023-02-21 21:50,해당 장소로 이동·진입시 시간이 다소 소요될 수 있어요.,서행,2023-02-21 22:25,16,0,2023-02-21 22:01,-0.2,0.7,4,-5,41,ESE,1.6,-,없음,비 또는 눈 소식이 없어요.,07:16,18:16,3,보통,2-3시간 햇볕에 노출 시 피부 화상을 입을 수 있어요.외출시 모자나 선글라스를 착용해주세요.자외선 차단제를 발라주세요.,보통,17,보통,34,보통,53.0,PM-10,호흡기가 예민하신 분들은 몸상태 유의하며 활동해주세요.,
여의도,여유,사람이 몰려있을 가능성이 낮고 붐빔은 거의 느껴지지 않아요. 도보 이동이 자유로워요.,42000,44000,54.6,45.4,0.2,4.6,19.1,26.9,21.9,14.0,7.9,5.4,23.4,76.6,N,2023-02-21 21:50,해당 장소로 이동·진입하는 도로가 크게 막히지 않아요.,원활,2023-02-21 22:25,26,0,2023-02-21 22:01,-0.5,1.1,3,-6,44,SE,1.1,-,없음,비 또는 눈 소식이 없어요.,07:16,18:16,3,보통,2-3시간 햇볕에 노출 시 피부 화상을 입을 수 있어요.외출시 모자나 선글라스를 착용해주세요.자외선 차단제를 발라주세요.,보통,16,좋음,30,좋음,48.0,PM-10,대기질에 이상이 없어요.,
영등포 타임스퀘어,여유,사람이 몰려있을 가능성이 낮고 붐빔은 거의 느껴지지 않아요. 도보 이동이 자유로워요.,9500,10000,49.5,50.5,0.0,6.0,37.5,25.2,12.3,10.6,5.9,2.5,11.5,88.5,N,2023-02-21 21:50,해당 장소로 이동·진입시 시간이 다소 소요될 수 있어요.,서행,2023-02-21 22:25,19,0,2023-02-21 22:01,-0.5,1.1,3,-6,44,SE,1.1,-,없음,비 또는 눈 소식이 없어요.,07:16,18:16,3,보통,2-3시간 햇볕에 노출 시 피부 화상을 입을 수 있어요.외출시 모자나 선글라스를 착용해주세요.자외선 차단제를 발라주세요.,보통,16,좋음,30,좋음,48.0,PM-10,대기질에 이상이 없어요.,
인사동·익선동,여유,사람이 몰려있을 가능성이 낮고 붐빔은 거의 느껴지지 않아요. 도보 이동이 자유로워요.,10000,12000,56.1,43.9,0.1,4.9,31.9,21.4,15.0,14.5,7.7,4.5,13.0,87.0,N,2023-02-21 21:50,해당 장소로 이동·진입시 시간이 다소 소요될 수 있어요.,서행,2023-02-21 22:25,17,0,2023-02-21 22:01,-1.9,-0.2,4,-6,46,SE,1,-,없음,비 또는 눈 소식이 없어요.,07:16,18:16,3,보통,2-3시간 햇볕에 노출 시 피부 화상을 입을 수 있어요.외출시 모자나 선글라스를 착용해주세요.자외선 차단제를 발라주세요.,보통,22,보통,37,보통,59.0,PM-2.5,호흡기가 예민하신 분들은 몸상태 유의하며 활동해주세요.,
창동 신경제 중심지,보통,사람이 몰려있을 수 있지만 크게 붐비지는 않아요. 도보 이동에 큰 제약이 없어요.,24000,26000,49.6,50.4,0.3,12.5,24.3,17.2,14.8,15.6,9.6,5.6,31.6,68.4,N,2023-02-21 21:50,해당 장소로 이동·진입시 시간이 다소 소요될 수 있어요.,서행,2023-02-21 22:25,19,0,2023-02-21 22:01,-2.8,0.2,4,-7,58,SE,0.5,-,없음,비 또는 눈 소식이 없어요.,07:16,18:16,3,보통,2-3시간 햇볕에 노출 시 피부 화상을 입을 수 있어요.외출시 모자나 선글라스를 착용해주세요.자외선 차단제를 발라주세요.,보통,16,보통,32,보통,58.0,O3,호흡기가 예민하신 분들은 몸상태 유의하며 활동해주세요.,
DMC(디지털미디어시티),여유,사람이 몰려있을 가능성이 낮고 붐빔은 거의 느껴지지 않아요. 도보 이동이 자유로워요.,10000,12000,51.3,48.7,0.2,4.6,25.3,27.8,21.3,12.7,5.5,2.6,21.9,78.1,N,2023-02-21 21:50,해당 장소로 이동·진입시 시간이 다소 소요될 수 있어요.,서행,2023-02-21 22:25,22,0,2023-02-21 22:01,-2.1,0.9,3,-6,44,ESE,0.5,-,없음,비 또는 눈 소식이 없어요.,07:16,18:16,3,보통,2-3시간 햇볕에 노출 시 피부 화상을 입을 수 있어요.외출시 모자나 선글라스를 착용해주세요.자외선 차단제를 발라주세요.,좋음,11,좋음,23,보통,53.0,NO2,호흡기가 예민하신 분들은 몸상태 유의하며 활동해주세요.,
가산디지털단지역,여유,사람이 몰려있을 가능성이 낮고 붐빔은 거의 느껴지지 않아요. 도보 이동이 자유로워요.,12000,14000,59.3,40.7,0.2,3.0,25.2,26.8,21.3,14.5,6.6,2.4,20.5,79.5,N,2023-02-21 21:50,해당 장소로 이동·진입시 시간이 다소 소요될 수 있어요.,서행,2023-02-21 22:25,24,0,2023-02-21 22:01,-0.2,0.5,3,-5,41,ESE,1.7,-,없음,비 또는 눈 소식이 없어요.,07:16,18:16,3,보통,2-3시간 햇볕에 노출 시 피부 화상을 입을 수 있어요.외출시 모자나 선글라스를 착용해주세요.자외선 차단제를 발라주세요.,좋음,13,보통,32,좋음,50.0,PM-10,대기질에 이상이 없어요.,
강남역,여유,사람이 몰려있을 가능성이 낮고 붐빔은 거의 느껴지지 않아요. 도보 이동이 자유로워요.,46000,48000,51.9,48.1,0.1,9.1,38.4,24.8,15.2,8.0,3.1,1.3,8.6,91.4,N,2023-02-21 21:50,해당 장소로 이동·진입시 시간이 다소 소요될 수 있어요.,서행,2023-02-21 22:25,17,0,2023-02-21 22:01,-0.9,0.2,4,-5,43,ESE,1.4,-,없음,비 또는 눈 소식이 없어요.,07:16,18:16,3,보통,2-3시간 햇볕에 노출 시 피부 화상을 입을 수 있어요.외출시 모자나 선글라스를 착용해주세요.자외선 차단제를 발라주세요.,좋음,15,좋음,29,보통,51.0,PM-10,호흡기가 예민하신 분들은 몸상태 유의하며 활동해주세요.,
건대입구역,보통,사람이 몰려있을 수 있지만 크게 붐비지는 않아요. 도보 이동에 큰 제약이 없어요.,18000,20000,47.9,52.1,0.1,11.1,45.2,15.7,10.2,8.5,5.4,3.8,17.6,82.4,N,2023-02-21 21:50,해당 장소로 이동·진입시 시간이 다소 소요될 수 있어요.,서행,2023-02-21 22:25,20,0,2023-02-21 22:01,-0.2,0.7,4,-5,41,ESE,1.6,-,없음,비 또는 눈 소식이 없어요.,07:16,18:16,3,보통,2-3시간 햇볕에 노출 시 피부 화상을 입을 수 있어요.외출시 모자나 선글라스를 착용해주세요.자외선 차단제를 발라주세요.,보통,18,보통,33,좋음,50.0,PM-2.5,대기질에 이상이 없어요.,
고속터미널역,여유,사람이 몰려있을 가능성이 낮고 붐빔은 거의 느껴지지 않아요. 도보 이동이 자유로워요.,6500,7000,49.9,50.1,0.1,12.2,24.5,19.6,17.7,14.6,7.9,3.4,8.1,91.9,N,2023-02-21 21:50,해당 장소로 이동·진입시 시간이 다소 소요될 수 있어요.,서행,2023-02-21 22:25,22,0,2023-02-21 22:01,-3.2,-0.8,3,-6,63,ESE,0.7,-,없음,비 또는 눈 소식이 없어요.,07:16,18:16,3,보통,2-3시간 햇볕에 노출 시 피부 화상을 입을 수 있어요.외출시 모자나 선글라스를 착용해주세요.자외선 차단제를 발라주세요.,좋음,15,좋음,29,보통,51.0,PM-10,호흡기가 예민하신 분들은 몸상태 유의하며 활동해주세요.,
교대역,여유,사람이 몰려있을 가능성이 낮고 붐빔은 거의 느껴지지 않아요. 도보 이동이 자유로워요.,8000,8500,58.2,41.8,0.1,5.0,21.9,24.5,22.7,15.5,7.6,2.7,11.0,89.0,N,2023-02-21 21:50,해당 장소로 이동·진입시 시간이 다소 소요될 수 있어요.,서행,2023-02-21 22:25,19,0,2023-02-21 22:01,-0.9,0.2,4,-5,43,ESE,1.4,-,없음,비 또는 눈 소식이 없어요.,07:16,18:16,3,보통,2-3시간 햇볕에 노출 시 피부 화상을 입을 수 있어요.외출시 모자나 선글라스를 착용해주세요.자외선 차단제를 발라주세요.,좋음,15,좋음,29,보통,51.0,PM-10,호흡기가 예민하신 분들은 몸상태 유의하며 활동해주세요.,
구로디지털단지역,여유,사람이 몰려있을 가능성이 낮고 붐빔은 거의 느껴지지 않아요. 도보 이동이 자유로워요.,10000,12000,57.5,42.5,0.1,2.7,25.9,27.9,21.0,13.1,5.8,3.5,21.0,79.0,N,2023-02-21 21:50,해당 장소로 이동·진입시 시간이 다소 소요될 수 있어요.,서행,2023-02-21 22:25,21,0,2023-02-21 22:01,-0.2,0.5,3,-5,41,ESE,1.7,-,없음,비 또는 눈 소식이 없어요.,07:16,18:16,3,보통,2-3시간 햇볕에 노출 시 피부 화상을 입을 수 있어요.외출시 모자나 선글라스를 착용해주세요.자외선 차단제를 발라주세요.,좋음,13,보통,32,좋음,50.0,PM-10,대기질에 이상이 없어요.,
서울역,여유,사람이 몰려있을 가능성이 낮고 붐빔은 거의 느껴지지 않아요. 도보 이동이 자유로워요.,4000,4500,55.7,44.3,0.1,4.8,22.4,24.4,22.0,15.8,7.6,2.8,9.6,90.4,N,2023-02-21 21:50,해당 장소로 이동·진입시 시간이 다소 소요될 수 있어요.,서행,2023-02-21 22:25,20,0,2023-02-21 22:01,-1.9,-0.2,4,-6,46,SE,1,-,없음,비 또는 눈 소식이 없어요.,07:16,18:16,3,보통,2-3시간 햇볕에 노출 시 피부 화상을 입을 수 있어요.외출시 모자나 선글라스를 착용해주세요.자외선 차단제를 발라주세요.,점검중,0,점검중,0,점검중,점검중,,원본 시스템 서비스 점검중입니다.,
선릉역,여유,사람이 몰려있을 가능성이 낮고 붐빔은 거의 느껴지지 않아요. 도보 이동이 자유로워요.,26000,28000,54.5,45.5,0.2,6.1,22.2,26.3,22.8,13.3,6.5,2.6,17.6,82.4,N,2023-02-21 21:50,해당 장소로 이동·진입시 시간이 다소 소요될 수 있어요.,서행,2023-02-21 22:25,16,0,2023-02-21 22:01,-0.9,0.2,4,-5,43,ESE,1.4,-,없음,비 또는 눈 소식이 없어요.,07:16,18:16,3,보통,2-3시간 햇볕에 노출 시 피부 화상을 입을 수 있어요.외출시 모자나 선글라스를 착용해주세요.자외선 차단제를 발라주세요.,보통,17,보통,34,보통,53.0,PM-10,호흡기가 예민하신 분들은 몸상태 유의하며 활동해주세요.,
신도림역,여유,사람이 몰려있을 가능성이 낮고 붐빔은 거의 느껴지지 않아요. 도보 이동이 자유로워요.,3500,4000,44.3,55.7,0.6,11.0,25.4,22.1,20.8,11.5,6.4,2.2,14.2,85.8,N,2023-02-21 21:50,해당 장소로 이동·진입시 시간이 다소 소요될 수 있어요.,서행,2023-02-21 22:25,24,0,2023-02-21 22:01,-2.5,-0.4,3,-6,35,SE,0.8,-,없음,비 또는 눈 소식이 없어요.,07:16,18:16,3,보통,2-3시간 햇볕에 노출 시 피부 화상을 입을 수 있어요.외출시 모자나 선글라스를 착용해주세요.자외선 차단제를 발라주세요.,보통,16,좋음,30,좋음,48.0,PM-10,대기질에 이상이 없어요.,
신림역,보통,사람이 몰려있을 수 있지만 크게 붐비지는 않아요. 도보 이동에 큰 제약이 없어요.,14000,16000,52.1,47.9,0.1,6.8,44.7,23.4,11.2,7.4,4.6,1.9,17.9,82.1,N,2023-02-21 21:50,해당 장소로 이동·진입시 시간이 다소 소요될 수 있어요.,서행,2023-02-21 22:25,16,0,2023-02-21 22:01,-2.5,-0.4,3,-6,35,SE,0.8,-,없음,비 또는 눈 소식이 없어요.,07:16,18:16,3,보통,2-3시간 햇볕에 노출 시 피부 화상을 입을 수 있어요.외출시 모자나 선글라스를 착용해주세요.자외선 차단제를 발라주세요.,보통,21,보통,40,보통,51.0,PM-10,호흡기가 예민하신 분들은 몸상태 유의하며 활동해주세요.,
신촌·이대역,여유,사람이 몰려있을 가능성이 낮고 붐빔은 거의 느껴지지 않아요. 도보 이동이 자유로워요.,22000,24000,46.0,54.0,0.0,12.7,53.4,15.8,7.5,6.0,2.9,1.6,17.9,82.1,N,2023-02-21 21:50,해당 장소로 이동·진입시 시간이 다소 소요될 수 있어요.,서행,2023-02-21 22:25,18,0,2023-02-21 22:01,-0.5,1.1,3,-6,44,SE,1.1,-,없음,비 또는 눈 소식이 없어요.,07:16,18:16,3,보통,2-3시간 햇볕에 노출 시 피부 화상을 입을 수 있어요.외출시 모자나 선글라스를 착용해주세요.자외선 차단제를 발라주세요.,보통,16,보통,34,보통,56.0,NO2,호흡기가 예민하신 분들은 몸상태 유의하며 활동해주세요.,
왕십리역,여유,사람이 몰려있을 가능성이 낮고 붐빔은 거의 느껴지지 않아요. 도보 이동이 자유로워요.,9000,9500,47.6,52.4,0.1,8.5,43.6,17.7,11.6,8.8,5.5,4.1,24.1,75.9,N,2023-02-21 21:50,해당 장소로 이동·진입시 시간이 다소 소요될 수 있어요.,서행,2023-02-21 22:25,18,0,2023-02-21 22:01,-0.2,0.7,4,-5,41,ESE,1.6,-,없음,비 또는 눈 소식이 없어요.,07:16,18:16,3,보통,2-3시간 햇볕에 노출 시 피부 화상을 입을 수 있어요.외출시 모자나 선글라스를 착용해주세요.자외선 차단제를 발라주세요.,좋음,15,보통,35,보통,53.0,PM-10,호흡기가 예민하신 분들은 몸상태 유의하며 활동해주세요.,
역삼역,여유,사람이 몰려있을 가능성이 낮고 붐빔은 거의 느껴지지 않아요. 도보 이동이 자유로워요.,14000,16000,58.7,41.3,0.1,2.7,26.8,30.4,22.1,10.8,5.1,2.0,16.0,84.0,N,2023-02-21 21:50,해당 장소로 이동·진입시 시간이 다소 소요될 수 있어요.,서행,2023-02-21 22:25,15,0,2023-02-21 22:01,-0.9,0.2,4,-5,43,ESE,1.4,-,없음,비 또는 눈 소식이 없어요.,07:16,18:16,3,보통,2-3시간 햇볕에 노출 시 피부 화상을 입을 수 있어요.외출시 모자나 선글라스를 착용해주세요.자외선 차단제를 발라주세요.,보통,17,보통,34,보통,53.0,PM-10,호흡기가 예민하신 분들은 몸상태 유의하며 활동해주세요.,
연신내역,보통,사람이 몰려있을 수 있지만 크게 붐비지는 않아요. 도보 이동에 큰 제약이 없어요.,6500,7000,49.5,50.5,0.2,10.4,31.4,19.2,12.6,12.7,8.1,5.4,20.2,79.8,N,2023-02-21 21:50,해당 장소로 이동·진입시 시간이 오래 걸릴 수 있어요.,정체,2023-02-21 22:25,14,0,2023-02-21 22:01,-5.5,0.3,4,-7,64,N,0.1,-,없음,비 또는 눈 소식이 없어요.,07:16,18:16,3,보통,2-3시간 햇볕에 노출 시 피부 화상을 입을 수 있어요.외출시 모자나 선글라스를 착용해주세요.자외선 차단제를 발라주세요.,보통,21,보통,40,보통,56.0,PM-2.5,호흡기가 예민하신 분들은 몸상태 유의하며 활동해주세요.,
용산역,여유,사람이 몰려있을 가능성이 낮고 붐빔은 거의 느껴지지 않아요. 도보 이동이 자유로워요.,7000,7500,52.3,47.7,0.3,5.0,26.9,24.5,18.8,13.0,7.7,3.7,17.4,82.6,N,2023-02-21 21:50,해당 장소로 이동·진입시 시간이 다소 소요될 수 있어요.,서행,2023-02-21 22:25,24,0,2023-02-21 22:01,-0.2,0.7,3,-6,41,ESE,1.6,-,없음,비 또는 눈 소식이 없어요.,07:16,18:16,3,보통,2-3시간 햇볕에 노출 시 피부 화상을 입을 수 있어요.외출시 모자나 선글라스를 착용해주세요.자외선 차단제를 발라주세요.,보통,20,보통,37,보통,52.0,PM-10,호흡기가 예민하신 분들은 몸상태 유의하며 활동해주세요.,
